Application ID,Status
SCGC2004012495153,Not Available
SCGC2004012495365,Not Available
SCGC2004012498901,Not Available
SCGC2004012498914,Not Available
SCGC2004012518651,Not Available
SCGC2004012517255,Not Available
SCGC2004012563691,Not Available
SCGC2004012584462,Not Available
SCGC2004012593582,Not Available
SCGC2004012688174,Not Available
SCGC2004012703539,Not Available
SCGC2005012806718,Not Available
SCGC2005012842822,Not Available
SCGC2005012852422,Not Available
SCGC2005012854587,Not Available
SCGC2005012864085,Not Available
SCGC2005012900680,Not Available
SCGC2005012906739,Not Available
SCGC2005012952023,Not Available
SCGC2005012959651,Not Available
SCGC2005012979458,Not Available
SCGC2005012991262,Not Available
SCGC2005013022846,Not Available
SCGC2005013030684,Not Available
SCGC2005013040073,Not Available
SCGC2005013072756,Not Available
SCGC2005013125188,Not Available
SCGC2005013175843,Not Available
SCGC2005013217398,Not Available
SCGC2005013263149,Not Available
SCGC2005013268517,Not Available
SCGC2005013278316,Not Available
SCGC2005013287270,Not Available
SCGC2005013299132,Not Available
SCGC2005013305341,Not Available
SCGC2005013304975,Not Available
SCGC2005013320863,Not Available
SCGC2005013332641,Not Available
SCGC2005013352527,Not Available
SCGC2005013396266,Not Available
SCGC2005013423119,Not Available
SCGC2005013458041,Not Available
SCGC2006013505011,Not Available
SCGC2006013505352,Not Available
SCGC2006013519390,Not Available
SCGC2006013522629,Not Available
SCGC2006013544420,Not Available
SCGC2006013589128,Not Available
SCGC2006013592440,Not Available
SCGC2006013595003,Not Available
SCGC2006013613931,Not Available
SCGC2006013624129,Not Available
SCGC2006013672021,Not Available
SCGC2006013677499,Not Available
SCGC2006013717654,Not Available
SCGC2006013739066,Not Available
SCGC2006013840694,Not Available
SCGC2006013874338,Not Available
SCGC2006013881130,Not Available
SCGC2006013898632,Not Available
SCGC2006013956547,Not Available
SCGC2006013982302,Not Available
SCGC2006014038421,Not Available
SCGC2006014053842,Not Available
SCGC2006014055834,Not Available
SCGC2006014067506,Not Available
SCGC2006014072466,Not Available
SCGC2006014097534,Not Available
SCGC2006014104103,Not Available
SCGC2006014155457,Not Available
SCGC2007014226001,Not Available
SCGC2007014259940,Not Available
SCGC2007014274443,Not Available
SCGC2007014284885,Not Available
SCGC2007014395919,Not Available
SCGC2007014405394,Not Available
SCGC2007014423743,Not Available
SCGC2007014424866,Not Available
SCGC2007014475322,Not Available
SCGC2007014479179,Not Available
SCGC2007014513139,Not Available
SCGC2007014517893,Not Available
SCGC2007014569389,Not Available
SCGC2007014630305,Not Available
SCGC2007014647861,Not Available
SCGC2007014652481,Not Available
SCGC2007014674889,Not Available
SCGC2007014728256,Not Available
SCGC2007014820316,Not Available
SCGC2007014819328,Not Available
SCGC2007014836928,Not Available
SCGC2007014865092,Not Available
SCGC2007014862518,Not Available
SCGC2007014892001,Not Available
SCGC2007014890604,Not Available
SCGC2007014893434,Not Available
SCGC2008014980415,Not Available
SCGC2008015006172,Not Available
SCGC2008015008477,Not Available
SCGC2008015008717,Not Available
SCGC2008015047077,Not Available
SCGC2008015044190,Not Available
SCGC2008015047698,Not Available
SCGC2008015053418,Not Available
SCGC2008015054026,Not Available
SCGC2008015102658,Not Available
SCGC2008015117628,Not Available
SCGC2008015194372,Not Available
SCGC2008015228343,Not Available
SCGC2008015239516,Not Available
SCGC2008015275750,Not Available
SCGC2008015322340,Not Available
SCGC2008015341901,Not Available
SCGC2008015341837,Not Available
SCGC2008015352105,Not Available
SCGC2008015400247,Not Available
SCGC2008015426582,Not Available
SCGC2008015488831,Not Available
SCGC2008015521284,Not Available
SCGC2008015531321,Not Available
SCGC2009015620689,Not Available
SCGC2009015694801,Not Available
SCGC2009015720027,Not Available
SCGC2009015765863,Not Available
SCGC2009015787600,Not Available
SCGC2009015821856,Not Available
SCGC2009015842996,Not Available
SCGC2009015860219,Not Available
SCGC2009015883439,Not Available
SCGC2009015887696,Not Available
SCGC2009015891083,Not Available
SCGC2009015895092,Not Available
SCGC2009015897074,Not Available
SCGC2009015933232,Not Available
SCGC2009015989071,Not Available
SCGC2009015994967,Already Available
SCGC2009016063428,Not Available
SCGC2009016126099,Not Available
SCGC2009016222366,Not Available
SCGC2009016223716,Already Available
SCGC2009016237488,Already Available
SCGC2009016257245,Not Available
SCGC2009016276761,Already Available
SCGC2010016348202,Not Available
SCGC2010016355314,Not Available
SCGC2010016385291,Not Available
SCGC2010016405842,Already Available
SCGC2010016438268,Not Available
SCGC2010016448804,Already Available
SCGC2010016448666,Not Available
SCGC2010016469656,Already Available
SCGC2010016521342,Not Available
SCGC2010016568576,Already Available
SCGC2010016574837,Already Available
SCGC2010016583419,Already Available
SCGC2010016592903,Not Available
SCGC2010016601350,Already Available
SCGC2010016610983,Not Available
SCGC2010016622587,Not Available
SCGC2010016621987,Already Available
SCGC2010016633152,Already Available
SCGC2010016755864,Already Available
SCGC2010016782826,Already Available
SCGC2010016824719,Not Available
SCGC2010016828851,Not Available
SCGC2010016834027,Already Available
SCGC2010016875219,Not Available
SCGC2010016919664,Already Available
SCGC2010016947541,Already Available
SCGC2011017022258,Not Available
SCGC2011017034120,Already Available
SCGC2011017042077,Not Available
SCGC2011017069345,Already Available
SCGC2011017091930,Already Available
SCGC2011017113243,Already Available
SCGC2011017151810,Already Available
SCGC2011017176286,Not Available
SCGC2011017188410,Already Available
SCGC2011017196739,Not Available
SCGC2011017215450,Already Available
SCGC2011017248087,Not Available
SCGC2011017352038,Already Available
SCGC2011017368246,Already Available
SCGC2011017369463,Already Available
SCGC2011017410616,Already Available
SCGC2011017417697,Not Available
SCGC2011017427649,Already Available
SCGC2011017432369,Not Available
SCGC2011017475063,Not Available
SCGC2011017482382,Already Available
SCGC2011017545232,Not Available
SCGC2011017554416,Already Available
SCGC2011017564781,Not Available
SCGC2011017567427,Already Available
SCGC2011017639207,Already Available
SCGC2011017640446,Already Available
SCGC2011017645396,Not Available
SCGC2011017658767,Already Available
SCGC2011017663849,Not Available
SCGC2011017681517,Not Available
SCGC2012017717612,Not Available
SCGC2012017733709,Already Available
SCGC2012017737889,Already Available
SCGC2012017750691,Already Available
SCGC2012017753953,Not Available
SCGC2012017753749,Already Available
SCGC2012017776114,Not Available
SCGC2005012894908,Already Available
SCGC2008015065389,Not Available
SCGC2010016764988,Already Available
SCGC2004012489364,Already Available
