SNO,Application ID,"Name of Applicant
(Sri/Smt/Kum)",rice card no,phone,"Relation Name
(S/o//W/o//D/o)",Address,Caste,Sub Caste,"Status 
(Recommended/Not Recommended)",Remarks if any
1,SCGC2001010239514,THAMMU RAMANJANEYULU,,,Thammu,Polatitippa,BC-A,Agnikula Kshatriyas,RECOMMENDED,
2,SCGC2004012425414,Kokkiligadda Nagaraju,,,kokkiligadda,Polatitippa,BC-A,Agnikula Kshatriyas,RECOMMENDED,
3,SCGC2004012495153,Moka Sivakrishna,,,moka,Polatitippa,BC-A,Agnikula Kshatriyas,RECOMMENDED,
4,SCGC2004012495365,Moka Vasantharao,,,moka,Polatitippa,BC-A,Agnikula Kshatriyas,RECOMMENDED,
5,SCGC2004012498901,Sunnapudi Ramaiah,,,sunnapudi,Polatitippa,BC-A,Agnikula Kshatriyas,RECOMMENDED,
6,SCGC2004012498914,Sunnapudi Vakalaiah,,,sunnapudi,Polatitippa,BC-A,Agnikula Kshatriyas,RECOMMENDED,
7,SCGC2004012518651,Viswanadhapalli Joji Babu,,,viswanadhapalli,Polatitippa,BC-A,Agnikula Kshatriyas,RECOMMENDED,
8,SCGC2004012517255,Sunnapudi Immaniyelu,,,sunnapudi,Polatitippa,BC-A,Agnikula Kshatriyas,RECOMMENDED,
9,SCGC2004012563691,Gadi Baburao,,,gadi,Polatitippa,BC-A,Agnikula Kshatriyas,RECOMMENDED,
10,SCGC2004012584462,MOKA DURGARAO,,,moka,Polatitippa,BC-A,Agnikula Kshatriyas,RECOMMENDED,
11,SCGC2004012593582,Moka Krishna,,,moka,Polatitippa,BC-A,Agnikula Kshatriyas,RECOMMENDED,
12,SCGC2004012688174,Moka Koteswararao,,,moka,Polatitippa,BC-A,Agnikula Kshatriyas,RECOMMENDED,
13,SCGC2004012703539,Moka Ramesh,,,moka,Polatitippa,BC-A,Agnikula Kshatriyas,RECOMMENDED,
14,SCGC2005012806718,Moka Venkateswararao,,,moka,Polatitippa,BC-A,Agnikula Kshatriyas,RECOMMENDED,
15,SCGC2005012842822,Sunnam Vasantharao,,,sunnam,Polatitippa,BC-A,Agnikula Kshatriyas,RECOMMENDED,
16,SCGC2005012852422,Moka Nagendra Rao,,,moka,Polatitippa,BC-A,Agnikula Kshatriyas,RECOMMENDED,
17,SCGC2005012854587,Sunnapudi Jalachandrudu,,,sunnapudi,Polatitippa,BC-A,Agnikula Kshatriyas,RECOMMENDED,
18,SCGC2005012864085,Gadi Govindarajulu,,,gadi,Polatitippa,BC-A,Agnikula Kshatriyas,RECOMMENDED,
19,SCGC2005012900680,Sunnapudi Nagaiah,,,sunnapudi,Polatitippa,BC-A,Agnikula Kshatriyas,RECOMMENDED,
20,SCGC2005012906739,Thammu Nagaraju,,,Thammu,Polatitippa,BC-A,Agnikula Kshatriyas,RECOMMENDED,
21,SCGC2005012952023,Vanamala Abhilesh,,,vanamala,Polatitippa,BC-A,Agnikula Kshatriyas,RECOMMENDED,
22,SCGC2005012959651,Kokkiligadda Sudheer,,,kokkiligadda,Polatitippa,BC-A,Agnikula Kshatriyas,RECOMMENDED,
23,SCGC2005012979458,Sunnapudi Pavan Kumar,,,sunnapudi,Polatitippa,BC-A,Agnikula Kshatriyas,RECOMMENDED,
24,SCGC2005012991262,Gadi Yuvaraju,,,gadi,Polatitippa,BC-A,Agnikula Kshatriyas,RECOMMENDED,
25,SCGC2005013022846,TIRUMALASETTY PRINCE RUBEN,,,tirumalasetty,Polatitippa,BC-A,Agnikula Kshatriyas,RECOMMENDED,
26,SCGC2005013030684,Moka Naga Durgarao,,,moka,Polatitippa,BC-A,Agnikula Kshatriyas,RECOMMENDED,
27,SCGC2005013040073,Moka Ramanjaneyulu,,,moka,Polatitippa,BC-A,Agnikula Kshatriyas,RECOMMENDED,
28,SCGC2005013072756,Sunnapudi Venu,,,sunnapudi,Polatitippa,BC-A,Agnikula Kshatriyas,RECOMMENDED,
29,SCGC2005013125188,Moka Rambabu,,,moka,Polatitippa,BC-A,Agnikula Kshatriyas,RECOMMENDED,
30,SCGC2005013175843,Sunnapudi Lakshmanaswamy,,,sunnapudi,Polatitippa,BC-A,Agnikula Kshatriyas,RECOMMENDED,
31,SCGC2005013217398,Moka Srinivasarao,,,moka,Polatitippa,BC-A,Agnikula Kshatriyas,RECOMMENDED,
32,SCGC2005013263149,MOKA RAVI,,,moka,Polatitippa,BC-A,Agnikula Kshatriyas,RECOMMENDED,
33,SCGC2005013268517,Moka Dharmaraju,,,moka,Polatitippa,BC-A,Agnikula Kshatriyas,RECOMMENDED,
34,SCGC2005013278316,Moka Nagaraju,,,moka,Polatitippa,BC-A,Agnikula Kshatriyas,RECOMMENDED,
35,SCGC2005013287270,Tammu Pothu Raju,,,tammu,Polatitippa,BC-A,Agnikula Kshatriyas,RECOMMENDED,
36,SCGC2005013299132,Moka Chandu,,,moka,Polatitippa,BC-A,Agnikula Kshatriyas,RECOMMENDED,
37,SCGC2005013305341,Sunnapudi Edukondalu,,,sunnapudi,Polatitippa,BC-A,Agnikula Kshatriyas,RECOMMENDED,
38,SCGC2005013304975,Moka Chanti Babu,,,moka,Polatitippa,BC-A,Agnikula Kshatriyas,RECOMMENDED,
39,SCGC2005013320863,Gadi Prasanth,,,gadi,Polatitippa,BC-A,Agnikula Kshatriyas,RECOMMENDED,
40,SCGC2005013332641,Kokkiligadda Durgarao,,,kokkiligadda,Polatitippa,BC-A,Agnikula Kshatriyas,RECOMMENDED,
41,SCGC2005013352527,Moka Ravi Kishore,,,moka,Polatitippa,BC-A,Agnikula Kshatriyas,RECOMMENDED,
42,SCGC2005013396266,Sunnapudi Gantaiah,,,Sunnapudi,Polatitippa,BC-A,Agnikula Kshatriyas,RECOMMENDED,
43,SCGC2005013423119,Moka Venkata Madhavarao,,,moka,Polatitippa,BC-A,Agnikula Kshatriyas,RECOMMENDED,
44,SCGC2005013458041,THAMMU VENKATESWARA RAO,,,Thammu,Polatitippa,BC-A,Agnikula Kshatriyas,RECOMMENDED,
45,SCGC2006013505011,Gadi Peda Brahmam,,,gadi,Polatitippa,BC-A,Agnikula Kshatriyas,RECOMMENDED,
46,SCGC2006013505352,Moka Venkateswararao,,,moka,Polatitippa,BC-A,Agnikula Kshatriyas,RECOMMENDED,
47,SCGC2006013519390,Moka Venkateswararao,,,moka,Polatitippa,BC-A,Agnikula Kshatriyas,RECOMMENDED,
48,SCGC2006013522629,Gadi Karthikeya,,,gadi,Polatitippa,BC-A,Agnikula Kshatriyas,RECOMMENDED,
49,SCGC2006013544420,Kokkiligadda Sudhakar,,,kokkiligadda,Polatitippa,BC-A,Agnikula Kshatriyas,RECOMMENDED,
50,SCGC2006013589128,Sunnapudi Lavaraju,,,sunnapudi,Polatitippa,BC-A,Agnikula Kshatriyas,RECOMMENDED,
51,SCGC2006013592440,Moka Naguru,,,moka,Polatitippa,BC-A,Agnikula Kshatriyas,RECOMMENDED,
52,SCGC2006013595003,Moka Sreekanth,,,moka,Polatitippa,BC-A,Agnikula Kshatriyas,RECOMMENDED,
53,SCGC2006013613931,MOKA SAMBASHIVARAO,,,moka,Polatitippa,BC-A,Agnikula Kshatriyas,RECOMMENDED,
54,SCGC2006013624129,Moka Varma,,,moka,Polatitippa,BC-A,Agnikula Kshatriyas,RECOMMENDED,
55,SCGC2006013672021,Gadi Baburao,,,gadi,Polatitippa,BC-A,Agnikula Kshatriyas,RECOMMENDED,
56,SCGC2006013677499,MOKA HEMANTH VARMA,,,moka,Polatitippa,BC-A,Agnikula Kshatriyas,RECOMMENDED,
57,SCGC2006013717654,Sunnapudi Ramanjaneyulu,,,sunnapudi,Polatitippa,BC-A,Agnikula Kshatriyas,RECOMMENDED,
58,SCGC2006013739066,Mopidevi Nagaraju,,,mopidevi,Polatitippa,BC-A,Agnikula Kshatriyas,RECOMMENDED,
59,SCGC2006013840694,Moka Rambabu,,,moka,Polatitippa,BC-A,Agnikula Kshatriyas,RECOMMENDED,
60,SCGC2006013874338,Bommidi Ganga Raju,,,bommidi,Polatitippa,BC-A,Agnikula Kshatriyas,RECOMMENDED,
61,SCGC2006013881130,Sunnapudi Gantaiah,,,sunnapudi,Polatitippa,BC-A,Agnikula Kshatriyas,RECOMMENDED,
62,SCGC2006013898632,Moka Chandra Sekhar,,,m,Polatitippa,BC-A,Agnikula Kshatriyas,RECOMMENDED,
63,SCGC2006013956547,Sunnapudi Nagaraju,,,sunnapudi,Polatitippa,BC-A,Agnikula Kshatriyas,RECOMMENDED,
64,SCGC2006013982302,Gadi Raju,,,gadi,Polatitippa,BC-A,Agnikula Kshatriyas,RECOMMENDED,
65,SCGC2006014038421,Tirumalasetty Girikumar,,,tirumalasetty,Polatitippa,BC-A,Agnikula Kshatriyas,RECOMMENDED,
66,SCGC2006014053842,Moka Edukondalu,,,moka,Polatitippa,BC-A,Agnikula Kshatriyas,RECOMMENDED,
67,SCGC2006014055834,Sunnapudi Naguru,,,sunnapudi,Polatitippa,BC-A,Agnikula Kshatriyas,RECOMMENDED,
68,SCGC2006014067506,MOKA RAMANJANEYULU,,,moka,Polatitippa,BC-A,Agnikula Kshatriyas,RECOMMENDED,
69,SCGC2006014072466,MOKA JOHNSON,,,moka,Polatitippa,BC-A,Agnikula Kshatriyas,RECOMMENDED,
70,SCGC2006014097534,Moka Nagababu,,,moka,Polatitippa,BC-A,Agnikula Kshatriyas,RECOMMENDED,
71,SCGC2006014104103,Lanke Nagarjuna,,,Lanke,Polatitippa,BC-A,Agnikula Kshatriyas,RECOMMENDED,
72,SCGC2006014155457,Kokkiligadda Venkanna,,,kokkiligadda,Polatitippa,BC-A,Agnikula Kshatriyas,RECOMMENDED,
73,SCGC2007014226001,Vanamala Suresh,,,vanamala,Polatitippa,BC-A,Agnikula Kshatriyas,RECOMMENDED,
74,SCGC2007014259940,Moka Naguru,,,moka,Polatitippa,BC-A,Agnikula Kshatriyas,RECOMMENDED,
75,SCGC2007014274443,Kokkiligadda Jeevana Krupa,,,kokkiligadda,Polatitippa,BC-A,Agnikula Kshatriyas,RECOMMENDED,
76,SCGC2007014284885,Bommidi Chandana Babu,,,bommidi,Polatitippa,BC-A,Agnikula Kshatriyas,RECOMMENDED,
77,SCGC2007014395919,Lanke Jayaraju,,,Lanke,Polatitippa,BC-A,Agnikula Kshatriyas,RECOMMENDED,
78,SCGC2007014405394,Bommidi Nagababu,,,bommidi,Polatitippa,BC-A,Agnikula Kshatriyas,RECOMMENDED,
79,SCGC2007014423743,Viswanadapalli Bikshalu,,,viswanadhapalli,Polatitippa,BC-A,Agnikula Kshatriyas,RECOMMENDED,
80,SCGC2007014424866,Vanamaadi Kanakadurgarao,,,vanamaadi,Polatitippa,BC-A,Agnikula Kshatriyas,RECOMMENDED,
81,SCGC2007014475322,Gadi Yenosh Paul,,,gadi,Polatitippa,BC-A,Agnikula Kshatriyas,RECOMMENDED,
82,SCGC2007014479179,Moka Peda Edukondalu,,,moka,Polatitippa,BC-A,Agnikula Kshatriyas,RECOMMENDED,
83,SCGC2007014513139,Kokkiligadda Nagendrarao,,,kokkiligadda,Polatitippa,BC-A,Agnikula Kshatriyas,RECOMMENDED,
84,SCGC2007014517893,Moka Ramesh,,,moka,Polatitippa,BC-A,Agnikula Kshatriyas,RECOMMENDED,
85,SCGC2007014569389,Tirumalasetty Venkateswara Rao,,,tirumalasetty,Polatitippa,BC-A,Agnikula Kshatriyas,RECOMMENDED,
86,SCGC2007014630305,Moka Mojesh,,,moka,Polatitippa,BC-A,Agnikula Kshatriyas,RECOMMENDED,
87,SCGC2007014647861,Gadi Govindu,,,gadi,Polatitippa,BC-A,Agnikula Kshatriyas,RECOMMENDED,
88,SCGC2007014652481,Sunnapudi Karthikeya,,,sunnapudi,Polatitippa,BC-A,Agnikula Kshatriyas,RECOMMENDED,
89,SCGC2007014674889,Moka Ramakrishna,,,moka,Polatitippa,BC-A,Agnikula Kshatriyas,RECOMMENDED,
90,SCGC2007014728256,Moka Swamulu,,,moka,Polatitippa,BC-A,Agnikula Kshatriyas,RECOMMENDED,
91,SCGC2007014820316,Viswanadhapalli Yanadi,,,viswanadhapalli,Polatitippa,BC-A,Agnikula Kshatriyas,RECOMMENDED,
92,SCGC2007014819328,MOKA DEELEP TEJA,,,moka,Polatitippa,BC-A,Agnikula Kshatriyas,RECOMMENDED,
93,SCGC2007014836928,GADI PHANEENDRA VARMA,,,gadi,Polatitippa,BC-A,Agnikula Kshatriyas,RECOMMENDED,
94,SCGC2007014865092,Kokkiligadda Raju,,,kokkiligadda,Polatitippa,BC-A,Agnikula Kshatriyas,RECOMMENDED,
95,SCGC2007014862518,Moka Nagendrarao,,,moka,Polatitippa,BC-A,Agnikula Kshatriyas,RECOMMENDED,
96,SCGC2007014892001,Sunnapudi Veerababu,,,sunnapudi,Polatitippa,BC-A,Agnikula Kshatriyas,RECOMMENDED,
97,SCGC2007014890604,Moka Edukondalu,,,moka,Polatitippa,BC-A,Agnikula Kshatriyas,RECOMMENDED,
98,SCGC2007014893434,Nagidi Bhargav,,,nagidi,Polatitippa,BC-A,Agnikula Kshatriyas,RECOMMENDED,
99,SCGC2008014980415,Moka Gowtham Rohith,,,moka,Polatitippa,BC-A,Agnikula Kshatriyas,RECOMMENDED,
100,SCGC2008015006172,BOMMIDI VENKATESWARA RAO,,,bommidi,Polatitippa,BC-A,Agnikula Kshatriyas,RECOMMENDED,
101,SCGC2008015008477,Kokkiligadda Sai,,,kokkiligadda,Polatitippa,BC-A,Agnikula Kshatriyas,RECOMMENDED,
102,SCGC2008015008717,Tirumalasetti Dharmaraju,,,tirumalasetty,Polatitippa,BC-A,Agnikula Kshatriyas,RECOMMENDED,
103,SCGC2008015047077,Moka Venkataramana,,,moka,Polatitippa,BC-A,Agnikula Kshatriyas,RECOMMENDED,
104,SCGC2008015044190,Moka Yedukondalu,,,moka,Polatitippa,BC-A,Agnikula Kshatriyas,RECOMMENDED,
105,SCGC2008015047698,Sunnapudi Subhadra,,,sunnapudi,Polatitippa,BC-A,Agnikula Kshatriyas,RECOMMENDED,
106,SCGC2008015053418,Moka Gopalakrishna,,,moka,Polatitippa,BC-A,Agnikula Kshatriyas,RECOMMENDED,
107,SCGC2008015054026,Moka Gopalakrishna,,,moka,Polatitippa,BC-A,Agnikula Kshatriyas,RECOMMENDED,
108,SCGC2008015102658,Moka Baburao,,,moka,Polatitippa,BC-A,Agnikula Kshatriyas,RECOMMENDED,
109,SCGC2008015117628,SUNNAPUDI GANTAYYA,,,sunnapudi,Polatitippa,BC-A,Agnikula Kshatriyas,RECOMMENDED,
110,SCGC2008015194372,Moka Nagedra Rao,,,moka,Polatitippa,BC-A,Agnikula Kshatriyas,RECOMMENDED,
111,SCGC2008015228343,Kokkiligadda Santaiah,,,kokkiligadda,Polatitippa,BC-A,Agnikula Kshatriyas,RECOMMENDED,
112,SCGC2008015239516,Moka Nancharaiah,,,moka,Polatitippa,BC-A,Agnikula Kshatriyas,RECOMMENDED,
113,SCGC2008015275750,Moka Nagaraju,,,moka,Polatitippa,BC-A,Agnikula Kshatriyas,RECOMMENDED,
114,SCGC2008015322340,Sunnapudi Nagaraju,,,sunnapudi,Polatitippa,BC-A,Agnikula Kshatriyas,RECOMMENDED,
115,SCGC2008015341901,Moka Ramanjaneyulu,,,moka,Polatitippa,BC-A,Agnikula Kshatriyas,RECOMMENDED,
116,SCGC2008015341837,Moka Edukondalu,,,moka,Polatitippa,BC-A,Agnikula Kshatriyas,RECOMMENDED,
117,SCGC2008015352105,Kokkiligadda Ramesh,,,kokkiligadda,Polatitippa,BC-A,Agnikula Kshatriyas,RECOMMENDED,
118,SCGC2008015400247,Moka Subbarao,,,moka,Polatitippa,BC-A,Agnikula Kshatriyas,RECOMMENDED,
119,SCGC2008015426582,Moka Ramnajaneyulu,,,moka,Polatitippa,BC-A,Agnikula Kshatriyas,RECOMMENDED,
120,SCGC2008015488831,Gadi Venkateswararao,,,gadi,Polatitippa,BC-A,Agnikula Kshatriyas,RECOMMENDED,
121,SCGC2008015521284,Lanke Ravi,,,Lanke,Polatitippa,BC-A,Agnikula Kshatriyas,RECOMMENDED,
122,SCGC2008015531321,Gadi Yesu Raju,,,gadi,Polatitippa,BC-A,Agnikula Kshatriyas,RECOMMENDED,
123,SCGC2009015620689,Vanamala Nageswararao,,,vanamala,Polatitippa,BC-A,Agnikula Kshatriyas,RECOMMENDED,
124,SCGC2009015694801,Moka Venugopalarao,,,moka,Polatitippa,BC-A,Agnikula Kshatriyas,RECOMMENDED,
125,SCGC2009015720027,MOKA SRINIVASA RAO,,,moka,Polatitippa,BC-A,Agnikula Kshatriyas,RECOMMENDED,
126,SCGC2009015765863,Gadi Ramesh,,,gadi,Polatitippa,BC-A,Agnikula Kshatriyas,RECOMMENDED,
127,SCGC2009015787600,Moka Subbarao,,,moka,Polatitippa,BC-A,Agnikula Kshatriyas,RECOMMENDED,
128,SCGC2009015821856,MOKA RAMESH,,,moka,Polatitippa,BC-A,Agnikula Kshatriyas,RECOMMENDED,
129,SCGC2009015842996,Viswanadhapalli Narasimharao,,,viswanadhapalli,Polatitippa,BC-A,Agnikula Kshatriyas,RECOMMENDED,
130,SCGC2009015860219,Kokkiligadda Ramesh,,,kokkiligadda,Polatitippa,BC-A,Agnikula Kshatriyas,RECOMMENDED,
131,SCGC2009015883439,Moka Govindu,,,moka,Polatitippa,BC-A,Agnikula Kshatriyas,RECOMMENDED,
132,SCGC2009015887696,SUNNAPUDI NISHANT,,,sunnapudi,Polatitippa,BC-A,Agnikula Kshatriyas,RECOMMENDED,
133,SCGC2009015891083,Lanke Nagababu,,,Lanke,Polatitippa,BC-A,Agnikula Kshatriyas,RECOMMENDED,
134,SCGC2009015895092,Kokkiligadda Durgarao,,,kokkiligadda,Polatitippa,BC-A,Agnikula Kshatriyas,RECOMMENDED,
135,SCGC2009015897074,Vanamala Srinivasarao,,,vanamala,Polatitippa,BC-A,Agnikula Kshatriyas,RECOMMENDED,
136,SCGC2009015933232,Moka Prasad,,,moka,Polatitippa,BC-A,Agnikula Kshatriyas,RECOMMENDED,
137,SCGC2009015989071,Moka Edukondalu,,,moka,Polatitippa,BC-A,Agnikula Kshatriyas,RECOMMENDED,
138,SCGC2009015994967,Kokkiligadda Parameswararao,,,kokkiligadda,Polatitippa,BC-A,Agnikula Kshatriyas,RECOMMENDED,
139,SCGC2009016063428,Moka Chandra Rao,,,moka,Polatitippa,BC-A,Agnikula Kshatriyas,RECOMMENDED,
140,SCGC2009016126099,Tirumalasetty Pothuraju,,,tirumalasetty,Polatitippa,BC-A,Agnikula Kshatriyas,RECOMMENDED,
141,SCGC2009016222366,Gadi Venkateswararao,,,gadi,Polatitippa,BC-A,Agnikula Kshatriyas,RECOMMENDED,
142,SCGC2009016223716,Gadi Naga Siva Srinu,,,gadi,Polatitippa,BC-A,Agnikula Kshatriyas,RECOMMENDED,
143,SCGC2009016237488,Moka Nagendram,,,moka,Polatitippa,BC-A,Agnikula Kshatriyas,RECOMMENDED,
144,SCGC2009016257245,SUNNAPOODI NAGABABU,,,sunnapudi,Polatitippa,BC-A,Agnikula Kshatriyas,RECOMMENDED,
145,SCGC2009016276761,Moka Koteswararao,,,moka,Polatitippa,BC-A,Agnikula Kshatriyas,RECOMMENDED,
146,SCGC2010016348202,Viswanadhapalli Venu,,,viswanadhapalli,Polatitippa,BC-A,Agnikula Kshatriyas,RECOMMENDED,
147,SCGC2010016355314,Viswanadhapalli Panduranga,,,viswanadhapalli,Polatitippa,BC-A,Agnikula Kshatriyas,RECOMMENDED,
148,SCGC2010016385291,Sunnapudi Venkata Ramana,,,sunnapudi,Polatitippa,BC-A,Agnikula Kshatriyas,RECOMMENDED,
149,SCGC2010016405842,Kopanathi Seshagiri Rao,,,kopanathi,Polatitippa,BC-A,Agnikula Kshatriyas,RECOMMENDED,
150,SCGC2010016438268,Moka Edukondalu,,,moka,Polatitippa,BC-A,Agnikula Kshatriyas,RECOMMENDED,
151,SCGC2010016448804,Lanke Nagendra Rao,,,Lanke,Polatitippa,BC-A,Agnikula Kshatriyas,RECOMMENDED,
152,SCGC2010016448666,Moka Srinu,,,moka,Polatitippa,BC-A,Agnikula Kshatriyas,RECOMMENDED,
153,SCGC2010016469656,Sunnapudi Sudeer Babu,,,sunnapudi,Polatitippa,BC-A,Agnikula Kshatriyas,RECOMMENDED,
154,SCGC2010016521342,Tirumalasetty Rambabu,,,tirumalasetty,Polatitippa,BC-A,Agnikula Kshatriyas,RECOMMENDED,
155,SCGC2010016568576,Tammu Venkateswararao,,,tammu,Polatitippa,BC-A,Agnikula Kshatriyas,RECOMMENDED,
156,SCGC2010016574837,Tirumalasetty Parishuddababu,,,tirumalasetty,Polatitippa,BC-A,Agnikula Kshatriyas,RECOMMENDED,
157,SCGC2010016583419,Vanamadi Govindu,,,vanamadi,Polatitippa,BC-A,Agnikula Kshatriyas,RECOMMENDED,
158,SCGC2010016592903,Moka Gangaraju,,,moka,Polatitippa,BC-A,Agnikula Kshatriyas,RECOMMENDED,
159,SCGC2010016601350,Moka Vamsi,,,moka,Polatitippa,BC-A,Agnikula Kshatriyas,RECOMMENDED,
160,SCGC2010016610983,Gadi Srinivasa Rao,,,gadi,Polatitippa,BC-A,Agnikula Kshatriyas,RECOMMENDED,
161,SCGC2010016622587,Moka Karthik,,,moka,Polatitippa,BC-A,Agnikula Kshatriyas,RECOMMENDED,
162,SCGC2010016621987,Sunnapudi Govindu,,,sunnapudi,Polatitippa,BC-A,Agnikula Kshatriyas,RECOMMENDED,
163,SCGC2010016633152,MOKA NAGUL MEERASAHEB,,,moka,Polatitippa,BC-A,Agnikula Kshatriyas,RECOMMENDED,
164,SCGC2010016755864,Moka Nagaraju,,,moka,Polatitippa,BC-A,Agnikula Kshatriyas,RECOMMENDED,
165,SCGC2010016782826,Vanamadi Venu Gopal,,,vanamadi,Polatitippa,BC-A,Agnikula Kshatriyas,RECOMMENDED,
166,SCGC2010016824719,Gadi Abhishek Paul,,,gadi,Polatitippa,BC-A,Agnikula Kshatriyas,RECOMMENDED,
167,SCGC2010016828851,MOKA PRASAD,,,moka,Polatitippa,BC-A,Agnikula Kshatriyas,RECOMMENDED,
168,SCGC2010016834027,Moka Siva Naga Nandeswararao,,,moka,Polatitippa,BC-A,Agnikula Kshatriyas,RECOMMENDED,
169,SCGC2010016875219,Moka Nagaraju,,,moka,Polatitippa,BC-A,Agnikula Kshatriyas,RECOMMENDED,
170,SCGC2010016919664,Gadi Nagaraju,,,gadi,Polatitippa,BC-A,Agnikula Kshatriyas,RECOMMENDED,
171,SCGC2010016947541,Moka Baji,,,moka,Polatitippa,BC-A,Agnikula Kshatriyas,RECOMMENDED,
172,SCGC2011017022258,MOKA VENKANNA,,,moka,Polatitippa,BC-A,Agnikula Kshatriyas,RECOMMENDED,
173,SCGC2011017034120,Chintha Rajesh,,,chintha,Polatitippa,BC-A,Agnikula Kshatriyas,RECOMMENDED,
174,SCGC2011017042077,MOKA VENKATESWARA RAO,,,moka,Polatitippa,BC-A,Agnikula Kshatriyas,RECOMMENDED,
175,SCGC2011017069345,Lanke Raju,,,Lanke,Polatitippa,BC-A,Agnikula Kshatriyas,RECOMMENDED,
176,SCGC2011017091930,Moka Nagur,,,moka,Polatitippa,BC-A,Agnikula Kshatriyas,RECOMMENDED,
177,SCGC2011017113243,Bommidi Ramulu,,,bommidi,Polatitippa,BC-A,Agnikula Kshatriyas,RECOMMENDED,
178,SCGC2011017151810,Lanke Venu,,,Lanke,Polatitippa,BC-A,Agnikula Kshatriyas,RECOMMENDED,
179,SCGC2011017176286,Moka Nagaraju,,,moka,Polatitippa,BC-A,Agnikula Kshatriyas,RECOMMENDED,
180,SCGC2011017188410,Moka Srinivasarao,,,moka,Polatitippa,BC-A,Agnikula Kshatriyas,RECOMMENDED,
181,SCGC2011017196739,Vanamadi Jayaraju,,,vanamadi,Polatitippa,BC-A,Agnikula Kshatriyas,RECOMMENDED,
182,SCGC2011017215450,Vanamala Maheswararao,,,vanamala,Polatitippa,BC-A,Agnikula Kshatriyas,RECOMMENDED,
183,SCGC2011017248087,Sunnapudi Rajesh,,,sunnapudi,Polatitippa,BC-A,Agnikula Kshatriyas,RECOMMENDED,
184,SCGC2011017352038,Lanke Bhanu Prasad,,,Lanke,Polatitippa,BC-A,Agnikula Kshatriyas,RECOMMENDED,
185,SCGC2011017368246,Gadi Ramanjaneyulu,,,gadi,Polatitippa,BC-A,Agnikula Kshatriyas,RECOMMENDED,
186,SCGC2011017369463,Moka Sara Bandiraju,,,moka,Polatitippa,BC-A,Agnikula Kshatriyas,RECOMMENDED,
187,SCGC2011017410616,Vanamala Ramanjaneyulu,,,vanamala,Polatitippa,BC-A,Agnikula Kshatriyas,RECOMMENDED,
188,SCGC2011017417697,Moka Sai Babu,,,moka,Polatitippa,BC-A,Agnikula Kshatriyas,RECOMMENDED,
189,SCGC2011017427649,MOKA NAGARAJU,,,moka,Polatitippa,BC-A,Agnikula Kshatriyas,RECOMMENDED,
190,SCGC2011017432369,Moka Venkateswararao,,,moka,Polatitippa,BC-A,Agnikula Kshatriyas,RECOMMENDED,
191,SCGC2011017475063,Gadi Prasad,,,gadi,Polatitippa,BC-A,Agnikula Kshatriyas,RECOMMENDED,
192,SCGC2011017482382,Gadi Venu,,,gadi,Polatitippa,BC-A,Agnikula Kshatriyas,RECOMMENDED,
193,SCGC2011017545232,Moka Narasimharao,,,moka,Polatitippa,BC-A,Agnikula Kshatriyas,RECOMMENDED,
194,SCGC2011017554416,SUNNAPOODI VASU,,,sunnapudi,Polatitippa,BC-A,Agnikula Kshatriyas,RECOMMENDED,
195,SCGC2011017564781,Odugu Nagaraju,,,odugu,Polatitippa,BC-A,Agnikula Kshatriyas,RECOMMENDED,
196,SCGC2011017567427,MOKA VENKATESWARARAO,,,moka,Polatitippa,BC-A,Agnikula Kshatriyas,RECOMMENDED,
197,SCGC2011017639207,Gadi Yesuraju,,,gadi,Polatitippa,BC-A,Agnikula Kshatriyas,RECOMMENDED,
198,SCGC2011017640446,Moka Krishna,,,moka,Polatitippa,BC-A,Agnikula Kshatriyas,RECOMMENDED,
199,SCGC2011017645396,Moka Akshay,,,moka,Polatitippa,BC-A,Agnikula Kshatriyas,RECOMMENDED,
200,SCGC2011017658767,Kokkiligadda Bhagavan Rao,,,kokkiligadda,Polatitippa,BC-A,Agnikula Kshatriyas,RECOMMENDED,
201,SCGC2011017663849,MOKA DAVIDRAJU,,,moka,Polatitippa,BC-A,Agnikula Kshatriyas,RECOMMENDED,
202,SCGC2011017681517,Moka Nagaraju,,,moka,Polatitippa,BC-A,Agnikula Kshatriyas,RECOMMENDED,
203,SCGC2012017717612,Moka Vijaya Raju,,,moka,Polatitippa,BC-A,Agnikula Kshatriyas,RECOMMENDED,
204,SCGC2012017733709,Nagidi Suresh,,,nagidi,Polatitippa,BC-A,Agnikula Kshatriyas,RECOMMENDED,
205,SCGC2012017737889,Moka Veeraswamy,,,moka,Polatitippa,BC-A,Agnikula Kshatriyas,RECOMMENDED,
206,SCGC2012017750691,Gadi Nageswararao,,,gadi,Polatitippa,BC-A,Agnikula Kshatriyas,RECOMMENDED,
207,SCGC2012017753953,LANKE KASULU,,,Lanke,Polatitippa,BC-A,Agnikula Kshatriyas,RECOMMENDED,
208,SCGC2012017753749,Moka Parameswararao,,,moka,Polatitippa,BC-A,Agnikula Kshatriyas,RECOMMENDED,
209,SCGC2012017776114,Viswanadhapalli Pentaiah,,,viswanadhapalli,Polatitippa,BC-A,Agnikula Kshatriyas,RECOMMENDED,
210,SCGC2005012894908,MOKA GOPIRAJU,,,moka,Polatitippa,BC-A,Agnikula Kshatriyas,RECOMMENDED,
211,SCGC2008015065389,Moka Basavayya,,,moka,Polatitippa,BC-A,Agnikula Kshatriyas,RECOMMENDED,
212,SCGC2010016764988,Moka Reddaiah,,,moka,Polatitippa,BC-A,Agnikula Kshatriyas,RECOMMENDED,
213,SCGC2004012489364,GADI SRINIVASARAO,,,gadi,Polatitippa,BC-A,Agnikula Kshatriyas,RECOMMENDED,